{
  "$schema": "https://mintlify.com/schema.json",
  "name": "Starter Kit",
  "logo": {
    "dark": "/logo/dark.svg",
    "light": "/logo/light.svg"
  },
  "favicon": "/favicon.png",
  "colors": {
    "primary": "#FBE331",
    "light": "#FBE331",
    "dark": "#FBE331",
    "anchors": {
      "from": "#FBE331",
      "to": "#FBE331"
    }
  },
  "topbarLinks": [
    {
      "name": "Support",
      "url": "mailto:hi@mintlify.com"
    }
  ],
  "topbarCtaButton": {
    "name": "Dashboard",
    "url": "https://dashboard.mintlify.com"
  },
  "openapi": "https://raw.githubusercontent.com/speakeasy-sdks/bar-typescript/main/openapi.yaml",
  "anchors": [
    {
      "name": "Documentation",
      "icon": "book-open-cover",
      "url": "https://mintlify.com/docs"
    },
    {
      "name": "Community",
      "icon": "slack",
      "url": "https://mintlify.com/community"
    },
    {
      "name": "Blog",
      "icon": "newspaper",
      "url": "https://mintlify.com/blog"
    }
  ],
  "navigation": [
    {
      "group": "authentication",
      "pages": [
        "authentication/authenticate-with-the-api-by-providing-a-username-and-password"
      ]
    },
    {
      "group": "drinks",
      "pages": [
        "drinks/get-a-list-of-drinks",
        "drinks/get-a-drink"
      ]
    },
    {
      "group": "ingredients",
      "pages": [
        "ingredients/get-a-list-of-ingredients"
      ]
    },
    {
      "group": "orders",
      "pages": [
        "orders/create-an-order"
      ]
    },
    {
      "group": "config",
      "pages": [
        "config/subscribe-to-webhooks"
      ]
    }
  ],
  "footerSocials": {
    "x": "https://x.com/mintlify",
    "github": "https://github.com/mintlify",
    "linkedin": "https://www.linkedin.com/company/mintsearch"
  }
}
